{
  "total_queries": 78,
  "hit_rate_at_k_percentage": 94.87179487179486,
  "first_position_accuracy_percentage": 62.82051282051282,
  "average_rank": 1.5,
  "average_similarity": 0.5715565304011587,
  "found_count": 74,
  "found_percentage": 94.87179487179486,
  "mrr": 0.7675213675213676,
  "avg_precision_at_1": 0.0,
  "avg_precision_at_3": 0.0,
  "avg_precision_at_5": 0.0,
  "avg_precision_at_10": 0.0,
  "avg_recall_at_1": 0.0,
  "avg_recall_at_3": 0.0,
  "avg_recall_at_5": 0.0,
  "avg_recall_at_10": 0.0,
  "top_k_recall_percentage": 94.87179487179486,
  "top_1_precision_percentage": 62.82051282051282
}